file,format,width,height,mode,bytes
asset_001_f2f471808507b54b.jpg,JPEG,100,100,RGB,2883
asset_002_9a7ea9af11b75d4a.jpg,JPEG,150,150,RGB,4599
asset_003_26ce8a4304a3c4e9.jpg,JPEG,150,150,RGB,4739
asset_004_7ef191ddc9910851.jpg,JPEG,150,150,RGB,5655
asset_005_f38c69ba8d99eb97.jpg,JPEG,150,150,RGB,4188
asset_006_da3c7cfd4ed786a1.jpg,JPEG,150,150,RGB,9032
asset_007_cb7ce90f26e5413f.jpg,JPEG,150,150,RGB,5487
asset_008_b3c1c78a3be9fbcf.jpg,JPEG,150,150,RGB,4144
asset_009_1d68cc68f855745f.jpg,JPEG,150,150,RGB,4039
asset_010_7a01c215ccc5d581.jpg,JPEG,1608,2144,RGB,352496
asset_011_b13b5a6a6ca17106.jpg,JPEG,1937,1937,RGB,418167
asset_012_818b6e1999fc11a4.jpg,JPEG,720,1280,RGB,106997
asset_013_908c2b520eb77db1.jpg,JPEG,1760,2347,RGB,432582
asset_014_40f1b6f072c38c57.jpg,JPEG,1086,1086,RGB,134312
asset_015_d1b266fa1f68a0b9.jpg,JPEG,720,1280,RGB,125169
asset_016_c25820c1c9eb1306.jpg,JPEG,720,1280,RGB,106423
asset_017_c033f5bfe6d5d666.jpg,JPEG,1003,1003,RGB,148348
asset_018_795e4635883cc97c.jpg,JPEG,640,1136,RGB,47878
asset_019_1e244a0dfd9db4f9.jpg,JPEG,640,1136,RGB,134673
asset_020_29dcbf7ac90b69f3.jpg,JPEG,1003,1254,RGB,115167
asset_021_ca2f4270aeb78eb6.jpg,JPEG,1980,1980,RGB,589965
asset_022_08c4807aabc53cdd.jpg,JPEG,150,150,RGB,5582
asset_023_2829fb07f6a8e276.jpg,JPEG,206,206,RGB,5928
asset_024_93fa5ec401d14b89.jpg,JPEG,1290,1290,RGB,19005
asset_025_ffa8e686c3c0d95a.jpg,JPEG,100,100,RGB,2883
asset_026_5a9e225440b03111.jpg,JPEG,150,150,RGB,4599
asset_027_3b07f910a769a371.jpg,JPEG,150,150,RGB,4739
asset_028_4201805bf4b1df7c.jpg,JPEG,150,150,RGB,5655
asset_029_0001d46e7f222a82.jpg,JPEG,150,150,RGB,4188
asset_030_39698f788aaffc43.jpg,JPEG,150,150,RGB,9032
asset_031_46b4dfda62707b6f.jpg,JPEG,150,150,RGB,5487
asset_032_3a1abbb6f8c753d5.jpg,JPEG,150,150,RGB,4144
asset_033_50b76da88d7e610d.jpg,JPEG,150,150,RGB,4039
asset_034_073e2a01a7e2bb97.jpg,JPEG,1608,2144,RGB,352496
asset_035_eeb5f9104170934b.jpg,JPEG,1937,1937,RGB,418167
asset_036_0e504869a9a1688c.jpg,JPEG,720,1280,RGB,106997
asset_037_48ac1e116f0dea8b.jpg,JPEG,1760,2347,RGB,432582
asset_038_da21434dc829a9f6.jpg,JPEG,1086,1086,RGB,134312
asset_039_ba535725d7badbd7.jpg,JPEG,720,1280,RGB,125169
asset_040_b8d410492e196cf7.jpg,JPEG,720,1280,RGB,106423
asset_041_4044556a609de772.jpg,JPEG,1003,1003,RGB,148348
asset_042_3a8c384f4577fa3c.jpg,JPEG,640,1136,RGB,47878
asset_043_616c643084104156.jpg,JPEG,640,1136,RGB,134673
asset_044_41edc9a64fa8a6bf.jpg,JPEG,1003,1254,RGB,115167
asset_045_5968415dceb4b52c.jpg,JPEG,1980,1980,RGB,589965
asset_046_74f742c25c421b4d.jpg,JPEG,1320,2347,RGB,382122
asset_047_07ed1f42b8013ca1.jpg,JPEG,1320,2347,RGB,213453
asset_048_ec290dba35952b5c.jpg,JPEG,1760,2347,RGB,460833
asset_049_760cf05ec85eec05.jpg,JPEG,720,1280,RGB,100072
asset_050_023d41d86d84354e.jpg,JPEG,720,1280,RGB,109670
asset_051_21eff8babd0117e8.jpg,JPEG,720,1280,RGB,90274
asset_052_b3369b65620048a4.jpg,JPEG,1440,1920,RGB,336238
asset_053_f257a720870a2705.jpg,JPEG,720,1280,RGB,133187
asset_054_f05a82c23fd867a7.jpg,JPEG,1440,1440,RGB,262134
asset_055_3f122bfe22172374.jpg,JPEG,720,1280,RGB,109042
asset_056_ecf60c647bfe7def.jpg,JPEG,1682,2142,RGB,545890
asset_057_58d802c5774fca27.jpg,JPEG,640,1136,RGB,35359
asset_058_9b815aa246ab0315.jpg,JPEG,640,1136,RGB,50963
asset_059_84934d93cdc0c17e.jpg,JPEG,640,1136,RGB,54112
