asset_file,source_html,source_url,download_status,content_type,bytes,usage_status,notes
asset_001_f2f471808507b54b.jpg,www.instagram.com_benditamicrobyionavictorio__1789742292604.html,https://scontent.cdninstagram.com/v/t51.82787-19/658900773_18533794819068979_610402104514020881_n.jpg?stp=dst-jpg_s100x100_tt6&_nc_cat=102&ccb=7-5&_nc_sid=bf7eb4&efg=eyJ2ZW5jb2RlX3RhZyI6InByb2ZpbGVfcGljLnd3dy4xMDgwLkMzIn0%3D&_nc_ohc=j9Shl89QjzMQ7kNvwFMKvzW&_nc_oc=AdpRpmlAk4HVe3YbaMlJjyeuNML5vTz0_BYiixbwOBnn_6Hv4DQy1b_35lTo0chLTpU&_nc_zt=24&_nc_ht=scontent.cdninstagram.com&_nc_gid=D0CdF4Q9lnOkO7WKJN4OrA&_nc_ss=7d6a8&oh=00_AQLWY8emaZACbsyTKcbjx1MJNdFNo0Yg8xK8pRtwrEg4lg&oe=6AB31098,downloaded,image/jpeg,2883,reference_only_pending_authorization,Public Instagram CDN reference; obtain original and authorization before publishing.
asset_002_9a7ea9af11b75d4a.jpg,www.instagram.com_benditamicrobyionavictorio__1789742292604.html,https://scontent.cdninstagram.com/v/t51.82787-19/814691901_18279427393291608_5406533022135706610_n.jpg?stp=dst-jpg_s150x150_tt6&_nc_cat=102&ccb=7-5&_nc_sid=f7ccc5&efg=eyJ2ZW5jb2RlX3RhZyI6InByb2ZpbGVfcGljLnd3dy4xMDgwLkMzIn0%3D&_nc_ohc=lSTH12w_wvIQ7kNvwEHQFTJ&_nc_oc=AdqUi7aHtQkcGkw8jGlpeI-nkxAq3qQyeJInIwEXu2Wd3kVIIpjiDSvwMzaZfEKCKDU&_nc_zt=24&_nc_ht=scontent.cdninstagram.com&_nc_gid=D0CdF4Q9lnOkO7WKJN4OrA&_nc_ss=7d6a8&oh=00_AQKkTlx_8UFuz21C5E7q6nX91BthlFanLDQHQl85Ik6S5w&oe=6AB33073,downloaded,image/jpeg,4599,reference_only_pending_authorization,Public Instagram CDN reference; obtain original and authorization before publishing.
asset_003_26ce8a4304a3c4e9.jpg,www.instagram.com_benditamicrobyionavictorio__1789742292604.html,https://instagram.fcgb4-1.fna.fbcdn.net/v/t51.82787-19/658900773_18533794819068979_610402104514020881_n.jpg?stp=dst-jpg_s150x150_tt6&efg=eyJ2ZW5jb2RlX3RhZyI6InByb2ZpbGVfcGljLmRqYW5nby4xMDgwLmMyIn0&_nc_ht=instagram.fcgb4-1.fna.fbcdn.net&_nc_cat=107&_nc_oc=Q6cZ2gH7znzFS58Fj8CzLUe636wruRQSWu0QXBOcj_34y3AGatb-wMyzPGRGRSOEqhtqY6Y&_nc_ohc=e6ow4WnQmkgQ7kNvwFBjiSG&_nc_gid=qLsxqvbF1I4qXzmlhm2oXQ&edm=AP4sbd4BAAAA&ccb=7-5&oh=00_AQJoqwEh7KjmyKa1-wJ8W5YCbmcX7zeR0bE51VQ-czJovA&oe=6AB31098&_nc_sid=7a9f4b,downloaded,image/jpeg,4739,reference_only_pending_authorization,Public Instagram CDN reference; obtain original and authorization before publishing.
asset_004_7ef191ddc9910851.jpg,www.instagram.com_benditamicrobyionavictorio__1789742292604.html,https://scontent.cdninstagram.com/v/t51.82787-19/581396144_18641115445024484_7840648683609914909_n.jpg?stp=dst-jpg_s150x150_tt6&_nc_cat=106&ccb=7-5&_nc_sid=f7ccc5&efg=eyJ2ZW5jb2RlX3RhZyI6InByb2ZpbGVfcGljLnd3dy4xMDgwLkMzIn0%3D&_nc_ohc=cnwxZzp6YVQQ7kNvwEaOzsY&_nc_oc=Adrlr5fhslyXn-JEl3fGICJxHnmHp0TQHuhCnIBQbUUz4xQsSrfQWcaemDMKRNhm7qM&_nc_zt=24&_nc_ht=scontent.cdninstagram.com&_nc_gid=l0tK79x1lgscbOsLtJ-PhA&_nc_ss=7d6a8&oh=00_AQJVk4sVCiqUCfqGebQHwlZS_7cRfY5OTsZQ7hLKld1Uxg&oe=6AB31548,downloaded,image/jpeg,5655,reference_only_pending_authorization,Public Instagram CDN reference; obtain original and authorization before publishing.
asset_005_f38c69ba8d99eb97.jpg,www.instagram.com_benditamicrobyionavictorio__1789742292604.html,https://instagram.fcgb4-1.fna.fbcdn.net/v/t51.2885-19/469721896_957223732922775_2393831052073727899_n.jpg?stp=dst-jpg_s150x150_tt6&efg=eyJ2ZW5jb2RlX3RhZyI6InByb2ZpbGVfcGljLmRqYW5nby4xMDI0LmMyIn0&_nc_ht=instagram.fcgb4-1.fna.fbcdn.net&_nc_cat=103&_nc_oc=Q6cZ2gH7znzFS58Fj8CzLUe636wruRQSWu0QXBOcj_34y3AGatb-wMyzPGRGRSOEqhtqY6Y&_nc_ohc=2aro-qHCTNYQ7kNvwEECedn&_nc_gid=qLsxqvbF1I4qXzmlhm2oXQ&edm=AP4sbd4BAAAA&ccb=7-5&oh=00_AQISxdTVCuFQupbD29hbnQ3Mstt-dct3vlKYzlkGMdsu5g&oe=6AB31CD9&_nc_sid=7a9f4b,downloaded,image/jpeg,4188,reference_only_pending_authorization,Public Instagram CDN reference; obtain original and authorization before publishing.
asset_006_da3c7cfd4ed786a1.jpg,www.instagram.com_benditamicrobyionavictorio__1789742292604.html,https://scontent.cdninstagram.com/v/t51.82787-19/808210126_18106225760191341_138830702933776015_n.jpg?stp=dst-jpg_s150x150_tt6&_nc_cat=111&ccb=7-5&_nc_sid=f7ccc5&efg=eyJ2ZW5jb2RlX3RhZyI6InByb2ZpbGVfcGljLnd3dy45NDEuQzMifQ%3D%3D&_nc_ohc=UaumeW3rsOAQ7kNvwG-JOJO&_nc_oc=AdqP-wViKQ7O6jQ6wFeK1lbyaX2Gz_Jc0K9xt_5kh83FCFjWZ-WxZiM8lhtaX8SKlpo&_nc_zt=24&_nc_ht=scontent.cdninstagram.com&_nc_gid=l0tK79x1lgscbOsLtJ-PhA&_nc_ss=7d6a8&oh=00_AQKBv6F64GXpbwks1SG0n8WXaQneLwwwe62vpFnsqStVRA&oe=6AB32298,downloaded,image/jpeg,9032,reference_only_pending_authorization,Public Instagram CDN reference; obtain original and authorization before publishing.
asset_007_cb7ce90f26e5413f.jpg,www.instagram.com_benditamicrobyionavictorio__1789742292604.html,https://instagram.fcgb4-1.fna.fbcdn.net/v/t51.71878-15/610878065_844909295077338_4587383262923641427_n.jpg?stp=c0.247.640.640a_dst-jpg_e15_s150x150_tt6&_nc_cat=106&_nc_map=urlgen_bucketless&ccb=7-5&_nc_sid=58cdad&efg=eyJ2ZW5jb2RlX3RhZyI6IlNUT1JZLnhwaWRzLjY0MC5zZHIudmlkZW9fZGVmYXVsdF9jb3Zlcl9mcmFtZS5DMyJ9&_nc_ohc=Lg4E2GQXQ20Q7kNvwFN_JkJ&_nc_oc=Adoc_3XwAfoQ_LwtxuoSYLfqaEm-v9kbZNHZdfut3zbjLsB2N6JbIYJ1DoetXK1dKxc&_nc_zt=23&_nc_ht=instagram.fcgb4-1.fna&_nc_gid=B7SV48XIrgK4s4MQEpjb1g&_nc_ss=7d6a8&oh=00_AQJpYk4LoYCHiKx7oJKjSxo9xy_uPOPnEelKzz4uGnLkSw&oe=6AB31E0E,downloaded,image/jpeg,5487,reference_only_pending_authorization,Public Instagram CDN reference; obtain original and authorization before publishing.
asset_008_b3c1c78a3be9fbcf.jpg,www.instagram.com_benditamicrobyionavictorio__1789742292604.html,https://scontent.cdninstagram.com/v/t51.71878-15/671144041_962967453260000_5609423681094876509_n.jpg?stp=dst-jpg_s150x150_tt6&_nc_cat=101&ccb=7-5&_nc_sid=acbce5&_nc_ohc=GY1vZ-oYBVMQ7kNvwEknaUO&_nc_oc=AdpQf_-CY-t_V_YkJLHmmM84a08A0ZgFsZuE_EhRwZCwKEhhqGN56bdbyFVAGMCAcPM&_nc_zt=23&_nc_ht=scontent.cdninstagram.com&_nc_gid=B7SV48XIrgK4s4MQEpjb1g&_nc_ss=7d6a8&oh=00_AQIMdz6AVl4v4CYMErFluqCCMrJQVhdbH19oA8HFJ-kAjQ&oe=6AB3378C,downloaded,image/jpeg,4144,reference_only_pending_authorization,Public Instagram CDN reference; obtain original and authorization before publishing.
asset_009_1d68cc68f855745f.jpg,www.instagram.com_benditamicrobyionavictorio__1789742292604.html,https://instagram.fcgb4-1.fna.fbcdn.net/v/t51.82787-15/657417273_18533515552068979_4283283151780273134_n.jpg?stp=c0.469.1206.1206a_dst-jpg_e35_s150x150_tt6&_nc_cat=109&_nc_map=urlgen_bucketless&ccb=7-5&_nc_sid=58cdad&efg=eyJ2ZW5jb2RlX3RhZyI6Ij8ueHBpZHMuMTIwNi5zZHIucmVndWxhcl9waG90by5DMyJ9&_nc_ohc=50i7qihf0CAQ7kNvwG569YC&_nc_oc=Adp4EWEUHM2dlWogCGXr2NIWzt3iP53lJglw1YLgazTK2hDmPOQiooKiwNyYEqUKmPE&_nc_zt=23&_nc_ht=instagram.fcgb4-1.fna&_nc_gid=B7SV48XIrgK4s4MQEpjb1g&_nc_ss=7d6a8&oh=00_AQIpIXCOvIsdaIETg0z53TfLqtkT1RlCxnSmyaOki2CXMQ&oe=6AB32B1F,downloaded,image/jpeg,4039,reference_only_pending_authorization,Public Instagram CDN reference; obtain original and authorization before publishing.
asset_010_7a01c215ccc5d581.jpg,www.instagram.com_benditamicrobyionavictorio__1789742292604.html,https://instagram.fcgb4-1.fna.fbcdn.net/v/t51.82787-15/696863372_18543614356068979_5770281413173614202_n.jpg?stp=dst-jpg_e35_tt6&_nc_cat=108&_nc_map=urlgen_bucketless&ig_cache_key=Mzg5NzE1MTI0MTYwMDgxODc3Mg%3D%3D.3-ccb7-5&ccb=7-5&_nc_sid=58cdad&efg=eyJ2ZW5jb2RlX3RhZyI6IkZFRUQueHBpZHMuMTYwOC5zZHIucmVndWxhcl9waG90by5DMyJ9&_nc_ohc=5qLwxjop9QAQ7kNvwEaZ9HC&_nc_oc=AdrUTboOjdLveDT0KPQugABlJjtr0ZhF_zl6Jz9ACuYlcTX_NffqYWgZJsUfvejIBiA&_nc_ad=z-m&_nc_cid=0&_nc_zt=23&_nc_ht=instagram.fcgb4-1.fna&_nc_gid=qLsxqvbF1I4qXzmlhm2oXQ&_nc_ss=7a22e&oh=00_AQILWLRxjSNTU9Kw2ew_fgMZ35nExMSsxhorw76DaufI8g&oe=6AB31BF5,downloaded,image/jpeg,352496,reference_only_pending_authorization,Public Instagram CDN reference; obtain original and authorization before publishing.
asset_011_b13b5a6a6ca17106.jpg,www.instagram.com_benditamicrobyionavictorio__1789742292604.html,https://instagram.fcgb4-1.fna.fbcdn.net/v/t51.82787-15/765886771_18565130134068979_6600226407657308841_n.jpg?stp=dst-jpg_e35_tt6&_nc_cat=102&_nc_map=urlgen_bucketless&ig_cache_key=Mzk1Nzc4MDE0OTczNzY1MjI4Mg%3D%3D.3-ccb7-5&ccb=7-5&_nc_sid=58cdad&efg=eyJ2ZW5jb2RlX3RhZyI6IkZFRUQueHBpZHMuMTkzNy5zZHIucmVndWxhcl9waG90by5DMyJ9&_nc_ohc=SROb2VfAX84Q7kNvwEn7dW8&_nc_oc=AdrLBJydCUsAloQpm3sBEmAoH3q97X39sOZsraQ8KiLthfMnmoI4QBBGezbxIfX23B8&_nc_ad=z-m&_nc_cid=0&_nc_zt=23&_nc_ht=instagram.fcgb4-1.fna&_nc_gid=qLsxqvbF1I4qXzmlhm2oXQ&_nc_ss=7a22e&oh=00_AQKu3tFBQnnpnOEshp2TY-2BtA2GdiC3_pj1fTf2PTuzoQ&oe=6AB31F82,downloaded,image/jpeg,418167,reference_only_pending_authorization,Public Instagram CDN reference; obtain original and authorization before publishing.
asset_012_818b6e1999fc11a4.jpg,www.instagram.com_benditamicrobyionavictorio__1789742292604.html,https://instagram.fcgb4-1.fna.fbcdn.net/v/t51.82787-15/731525338_18556530880068979_1113932788746300113_n.jpg?stp=dst-jpg_e15_tt6&_nc_cat=102&_nc_map=urlgen_bucketless&ig_cache_key=MzkzNDA5NjYxNDUyMzU0NjEyNzE4NTU2NTMwODc3MDY4OTc5.3-ccb7-5&ccb=7-5&_nc_sid=58cdad&efg=eyJ2ZW5jb2RlX3RhZyI6IkNMSVBTLnhwaWRzLjcyMC5zZHIudmlkZW9fZGVmYXVsdF9jb3Zlcl9mcmFtZS5DMyJ9&_nc_ohc=_RNt9bla8LYQ7kNvwFtvpDs&_nc_oc=Adr1asZFieGRueO9J6pIWOX6T5LQdj3ZNYM_hSofiNxmiEMnekSIxJSagY9NaMifNkk&_nc_ad=z-m&_nc_cid=0&_nc_zt=23&_nc_ht=instagram.fcgb4-1.fna&_nc_gid=qLsxqvbF1I4qXzmlhm2oXQ&_nc_ss=7a22e&oh=00_AQJbN6W8RQRcJ87FHewnUw7HQmKT0wSlME1dxOeSfBsESw&oe=6AB33977,downloaded,image/jpeg,106997,reference_only_pending_authorization,Public Instagram CDN reference; obtain original and authorization before publishing.
asset_013_908c2b520eb77db1.jpg,www.instagram.com_benditamicrobyionavictorio__1789742292604.html,https://instagram.fcgb4-1.fna.fbcdn.net/v/t51.82787-15/806784646_18575629900068979_1579765582873738986_n.jpg?stp=dst-jpg_e35_tt6&_nc_cat=101&_nc_map=urlgen_bucketless&ig_cache_key=Mzk4NDY4NTYwNjg2MzUxMjY4MA%3D%3D.3-ccb7-5&ccb=7-5&_nc_sid=58cdad&efg=eyJ2ZW5jb2RlX3RhZyI6IkZFRUQueHBpZHMuMTc2MC5zZHIucmVndWxhcl9waG90by5DMyJ9&_nc_ohc=JEsw9pkpsR0Q7kNvwH7LypI&_nc_oc=AdoM4_8FAF-pssI_4nHvICpadfo2TIFTEywY_GsO-IDFTHZZ92Lf7w1A99AT79fa5IE&_nc_ad=z-m&_nc_cid=0&_nc_zt=23&_nc_ht=instagram.fcgb4-1.fna&_nc_gid=qLsxqvbF1I4qXzmlhm2oXQ&_nc_ss=7a22e&oh=00_AQK1h30Xd0Xi8Ez-P_rJWJX8Pq-SBtB_9iPBB9Pi3Mu6Aw&oe=6AB31B40,downloaded,image/jpeg,432582,reference_only_pending_authorization,Public Instagram CDN reference; obtain original and authorization before publishing.
asset_014_40f1b6f072c38c57.jpg,www.instagram.com_benditamicrobyionavictorio__1789742292604.html,https://instagram.fcgb4-1.fna.fbcdn.net/v/t51.82787-15/788961985_18571776520068979_8214778453332419527_n.jpg?stp=dst-jpg_e35_tt6&_nc_cat=108&_nc_map=urlgen_bucketless&ig_cache_key=Mzk3NDUwMzg4OTExNjg0MDY1Ng%3D%3D.3-ccb7-5&ccb=7-5&_nc_sid=58cdad&efg=eyJ2ZW5jb2RlX3RhZyI6IkZFRUQueHBpZHMuMTA4Ni5zZHIucmVndWxhcl9waG90by5DMyJ9&_nc_ohc=0ENo-wLOZ3gQ7kNvwGKhI30&_nc_oc=Adre9XxRAJPS7vz5q67ES04H-bME5NHqQoDpWNfryCMeRTmJJ2AQ9PaPz8uTdD8zJkY&_nc_ad=z-m&_nc_cid=0&_nc_zt=23&_nc_ht=instagram.fcgb4-1.fna&_nc_gid=qLsxqvbF1I4qXzmlhm2oXQ&_nc_ss=7a22e&oh=00_AQICkqXL0CWXqE4Y6ZpnU3jS8SM4JpARlisjDtSlt4NfZg&oe=6AB32B4D,downloaded,image/jpeg,134312,reference_only_pending_authorization,Public Instagram CDN reference; obtain original and authorization before publishing.
asset_015_d1b266fa1f68a0b9.jpg,www.instagram.com_benditamicrobyionavictorio__1789742292604.html,https://instagram.fcgb4-1.fna.fbcdn.net/v/t51.82787-15/805831485_18575332600068979_6295961902381179141_n.jpg?stp=dst-jpg_e15_tt6&_nc_cat=104&_nc_map=urlgen_bucketless&ig_cache_key=Mzk4Mzk1MjE5MDIxMTYzNzE2MDE4NTc1MzMyNTk3MDY4OTc5.3-ccb7-5&ccb=7-5&_nc_sid=58cdad&efg=eyJ2ZW5jb2RlX3RhZyI6IkNMSVBTLnhwaWRzLjcyMC5zZHIudmlkZW9fdXNlcl9zZWxlY3RlZF90aHVtYm5haWwuQzMifQ%3D%3D&_nc_ohc=0S1T8BpwG7gQ7kNvwHM07Gx&_nc_oc=Ado-DN4FLUBD7CSOUdyoeH5dL6lytpQgFEomCEJfF9uRY4WyEfzMuBHQzXfRTAq46so&_nc_ad=z-m&_nc_cid=0&_nc_zt=23&_nc_ht=instagram.fcgb4-1.fna&_nc_gid=qLsxqvbF1I4qXzmlhm2oXQ&_nc_ss=7a22e&oh=00_AQLiSNy21ofkBeMUix_Z4_usLm7Y7sVZBXX1tl4k4sbBvA&oe=6AB32C46,downloaded,image/jpeg,125169,reference_only_pending_authorization,Public Instagram CDN reference; obtain original and authorization before publishing.
asset_016_c25820c1c9eb1306.jpg,www.instagram.com_benditamicrobyionavictorio__1789742292604.html,https://instagram.fcgb4-1.fna.fbcdn.net/v/t51.82787-15/802561850_18575056954068979_4631376310180849569_n.jpg?stp=dst-jpg_e15_tt6&_nc_cat=101&_nc_map=urlgen_bucketless&ig_cache_key=Mzk4MzIyNDU1NDQwMzA5NTYwMDE4NTc1MDU2OTQ4MDY4OTc5.3-ccb7-5&ccb=7-5&_nc_sid=58cdad&efg=eyJ2ZW5jb2RlX3RhZyI6IkNMSVBTLnhwaWRzLjcyMC5zZHIudmlkZW9fdXNlcl91cGxvYWRlZF90aHVtYm5haWwuQzMifQ%3D%3D&_nc_ohc=3DPnH-FW7voQ7kNvwEfpoNV&_nc_oc=AdouUwQy-p77Ew-1L7mcxR8hq8E9h2yP5rdSQCfflCXVIIUYKBrieUh30IUWBH4RmGc&_nc_ad=z-m&_nc_cid=0&_nc_zt=23&_nc_ht=instagram.fcgb4-1.fna&_nc_gid=qLsxqvbF1I4qXzmlhm2oXQ&_nc_ss=7a22e&oh=00_AQJQS0cIRgOEAinjawEScoFFXpp4YaGotW6Jbi-Rd0WAHA&oe=6AB33B46,downloaded,image/jpeg,106423,reference_only_pending_authorization,Public Instagram CDN reference; obtain original and authorization before publishing.
asset_017_c033f5bfe6d5d666.jpg,www.instagram.com_benditamicrobyionavictorio__1789742292604.html,https://instagram.fcgb4-1.fna.fbcdn.net/v/t51.82787-15/789872430_18571774777068979_5983982389097659144_n.jpg?stp=dst-jpg_e35_tt6&_nc_cat=108&_nc_map=urlgen_bucketless&ig_cache_key=Mzk3NDUwMTQ0OTg0Mzc0NDkzMQ%3D%3D.3-ccb7-5&ccb=7-5&_nc_sid=58cdad&efg=eyJ2ZW5jb2RlX3RhZyI6IkZFRUQueHBpZHMuMTAwMy5zZHIucmVndWxhcl9waG90by5DMyJ9&_nc_ohc=AtKZFhrf8VIQ7kNvwEc8p4V&_nc_oc=Adr0cFl9meWADfyvrBj3F7m6qoPneVBh6Y_YvG5gT99Qp8y1XaB8sjHsH_TZ-dGwmHU&_nc_ad=z-m&_nc_cid=0&_nc_zt=23&_nc_ht=instagram.fcgb4-1.fna&_nc_gid=qLsxqvbF1I4qXzmlhm2oXQ&_nc_ss=7a22e&oh=00_AQIZhplyYPJ3YINF597srQPYZWn55yBkji9xaWjbyqGDEQ&oe=6AB3137E,downloaded,image/jpeg,148348,reference_only_pending_authorization,Public Instagram CDN reference; obtain original and authorization before publishing.
asset_018_795e4635883cc97c.jpg,www.instagram.com_benditamicrobyionavictorio__1789742292604.html,https://instagram.fcgb4-1.fna.fbcdn.net/v/t51.71878-15/799634252_1394888642094365_4596752551107044388_n.jpg?stp=dst-jpg_e15_tt6&_nc_cat=109&_nc_map=urlgen_bucketless&ig_cache_key=Mzk4MTgxMjg1NjEzODM2MjI5MA%3D%3D.3-ccb7-5&ccb=7-5&_nc_sid=58cdad&efg=eyJ2ZW5jb2RlX3RhZyI6IkNMSVBTLnhwaWRzLjY0MC5zZHIudmlkZW9fZmlyc3RfZnJhbWVfdGh1bWJuYWlsLkMzIn0%3D&_nc_ohc=1aA2YOZl5bkQ7kNvwFPR4D9&_nc_oc=Adrp5AqHSEfsqsguumqbQKqjd6uLCItqk-jpOu_7hCwE_I6SFWbDyQZ68f1Kk874Owk&_nc_ad=z-m&_nc_cid=0&_nc_zt=23&_nc_ht=instagram.fcgb4-1.fna&_nc_gid=qLsxqvbF1I4qXzmlhm2oXQ&_nc_ss=7a22e&oh=00_AQLKMhBHPJ_o57EXPgWZ0bN-OHVcJY3AQnzMKyadsq6vgA&oe=6AB3184D,downloaded,image/jpeg,47878,reference_only_pending_authorization,Public Instagram CDN reference; obtain original and authorization before publishing.
asset_019_1e244a0dfd9db4f9.jpg,www.instagram.com_benditamicrobyionavictorio__1789742292604.html,https://instagram.fcgb4-1.fna.fbcdn.net/v/t15.5256-10/800449371_2466199467212026_7275790186733074489_n.jpg?stp=dst-jpg_e15_tt6&_nc_cat=100&_nc_map=urlgen_bucketless&ig_cache_key=Mzk4MjUxOTI4MTQ5NTk0OTY4OA%3D%3D.3-ccb7-5&ccb=7-5&_nc_sid=58cdad&efg=eyJ2ZW5jb2RlX3RhZyI6IkNMSVBTLnhwaWRzLjY0MC5zZHIudmlkZW9fZmlyc3RfZnJhbWVfdGh1bWJuYWlsLkMzIn0%3D&_nc_ohc=ozS9iUcqHs0Q7kNvwGP2BO8&_nc_oc=AdohloxPpbtZ4U6pQNoJfJJzjjeu6wZzQENusX8ZRjtRXP9vySXVhRX0-wME0ht7m8Q&_nc_ad=z-m&_nc_cid=0&_nc_zt=23&_nc_ht=instagram.fcgb4-1.fna&_nc_gid=qLsxqvbF1I4qXzmlhm2oXQ&_nc_ss=7a22e&oh=00_AQLnVz79nwoMiHrs6IXoKXJmyGNjjc2Wj48pehxdsTd89Q&oe=6AB33868,downloaded,image/jpeg,134673,reference_only_pending_authorization,Public Instagram CDN reference; obtain original and authorization before publishing.
asset_020_29dcbf7ac90b69f3.jpg,www.instagram.com_benditamicrobyionavictorio__1789742292604.html,https://instagram.fcgb4-1.fna.fbcdn.net/v/t51.82787-15/731185630_18554693545068979_7255348253408693105_n.jpg?stp=dst-jpg_e35_tt6&_nc_cat=106&_nc_map=urlgen_bucketless&ig_cache_key=MzkyOTEyMTM2NjYxMTM5OTk5MA%3D%3D.3-ccb7-5&ccb=7-5&_nc_sid=58cdad&efg=eyJ2ZW5jb2RlX3RhZyI6IkZFRUQueHBpZHMuMTAwMy5zZHIucmVndWxhcl9waG90by5DMyJ9&_nc_ohc=D7YjRxSXbBgQ7kNvwEHOw4M&_nc_oc=AdoYKaANyunUaQn7wtYlQj9LTexZDPHahYs-aXg0Ho1rU7NikarQaGkIGSlfUM-fWxU&_nc_ad=z-m&_nc_cid=0&_nc_zt=23&_nc_ht=instagram.fcgb4-1.fna&_nc_gid=qLsxqvbF1I4qXzmlhm2oXQ&_nc_ss=7a22e&oh=00_AQJMrmaJ1kkL_0mAPAZYARE7QQGR6-M0e0PPwqVEqCYFRQ&oe=6AB319F6,downloaded,image/jpeg,115167,reference_only_pending_authorization,Public Instagram CDN reference; obtain original and authorization before publishing.
asset_021_ca2f4270aeb78eb6.jpg,www.instagram.com_benditamicrobyionavictorio__1789742292604.html,https://instagram.fcgb4-1.fna.fbcdn.net/v/t51.82787-15/794196752_18573221884068979_522072888518922194_n.jpg?stp=dst-jpg_e35_tt6&_nc_cat=105&_nc_map=urlgen_bucketless&ig_cache_key=Mzk3ODMwNTkyODY1Mzk0NTI2NQ%3D%3D.3-ccb7-5&ccb=7-5&_nc_sid=58cdad&efg=eyJ2ZW5jb2RlX3RhZyI6IkZFRUQueHBpZHMuMTk4MC5zZHIucmVndWxhcl9waG90by5DMyJ9&_nc_ohc=Kq0EKpceXtkQ7kNvwH17spb&_nc_oc=AdoyC7VUcchmU5LJo5cUJHSGoscF9RpTdMLkKb8GYrG1_J7OmBmA7gn1hGBhLgEv33Q&_nc_ad=z-m&_nc_cid=0&_nc_zt=23&_nc_ht=instagram.fcgb4-1.fna&_nc_gid=qLsxqvbF1I4qXzmlhm2oXQ&_nc_ss=7a22e&oh=00_AQIPs5p6G66YpOz1mfNsNUjYFDU37TMmoQtGDsVD76TchA&oe=6AB32A9E,downloaded,image/jpeg,589965,reference_only_pending_authorization,Public Instagram CDN reference; obtain original and authorization before publishing.
asset_022_08c4807aabc53cdd.jpg,www.instagram.com_benditamicrobyionavictorio__1789742292604.html,https://scontent.cdninstagram.com/v/t51.82787-19/789652356_18623451646026658_24747573749464141_n.jpg?stp=dst-jpg_s150x150_tt6&_nc_cat=108&ccb=7-5&_nc_sid=f7ccc5&efg=eyJ2ZW5jb2RlX3RhZyI6InByb2ZpbGVfcGljLnd3dy4xMDgwLkMzIn0%3D&_nc_ohc=o3IPdK5hOOgQ7kNvwH-FPyb&_nc_oc=AdrT_nwBSYjXp3L3NsTAm-mewXEwrZfB4tzMhg0IuMaouXANtksb77ZA8dbAhXI-LbY&_nc_zt=24&_nc_ht=scontent.cdninstagram.com&_nc_gid=V20AmC_jvKCrPEIYhFzSPA&_nc_ss=7d6a8&oh=00_AQK9ir69C1nuKgj0F-cbnbKjGi3BU_EtrMSnKBUUEx660Q&oe=6AB3326C,downloaded,image/jpeg,5582,reference_only_pending_authorization,Public Instagram CDN reference; obtain original and authorization before publishing.
asset_023_2829fb07f6a8e276.jpg,www.instagram.com_benditamicrobyionavictorio__1789742292604.html,https://scontent.cdninstagram.com/v/t51.82787-19/706198431_18078405290227460_1564504280777261027_n.jpg?stp=dst-jpg_s206x206_tt6&_nc_cat=107&ccb=7-5&_nc_sid=bf7eb4&efg=eyJ2ZW5jb2RlX3RhZyI6InByb2ZpbGVfcGljLnd3dy4xMDgwLkMzIn0%3D&_nc_ohc=Lm1zr9d1QAoQ7kNvwFWVe93&_nc_oc=Adrc7IDsJ1xJzqhFGrvVC9Ye4FjE2uBcuMBnMiHbQLz6DZq7tO2kiCJ5PbwQsOWtHEY&_nc_zt=24&_nc_ht=scontent.cdninstagram.com&_nc_gid=73jKoTc_jWKR38uCKQvGVA&_nc_ss=7d6a8&oh=00_AQLXcZlY7AC2E1A0oEMiDqPKWOJOoUr9Yfhb1ItwQTzGcg&oe=6AB32F07,downloaded,image/jpeg,5928,reference_only_pending_authorization,Public Instagram CDN reference; obtain original and authorization before publishing.
asset_024_93fa5ec401d14b89.jpg,www.instagram.com_benditamicrobyionavictorio__1789742292604.html,https://scontent.fcgb4-1.fna.fbcdn.net/v/t1.30497-1/85215299_479381239411958_7755129104415850496_n.jpg?stp=c379.0.1290.1290a_dst-jpg_s1290x1290_tt6&_nc_cat=1&ccb=1-7&_nc_sid=b6f7c7&_nc_ohc=5y8MXd7JOjgQ7kNvwE1Eq4X&_nc_oc=AdocJ6wcdP0-se8OYzg4_zcW1GkPd_VfTNeHU04zCfccoc4Y03QsnpV7CopBfyIrW0o&_nc_zt=24&_nc_ht=scontent.fcgb4-1.fna&_nc_ss=7d6a8&oh=00_AQKaeNsXDrNxRlmnqpYdai7CUfKkmKhQNK7tL9kz1VLwvg&oe=6AD4A516,downloaded,image/jpeg,19005,reference_only_pending_authorization,Public Instagram CDN reference; obtain original and authorization before publishing.
asset_025_ffa8e686c3c0d95a.jpg,www.instagram.com_stories_highlights_18077445542296059__1789742428613.html,https://scontent.cdninstagram.com/v/t51.82787-19/658900773_18533794819068979_610402104514020881_n.jpg?stp=dst-jpg_s100x100_tt6&_nc_cat=102&ccb=7-5&_nc_sid=bf7eb4&efg=eyJ2ZW5jb2RlX3RhZyI6InByb2ZpbGVfcGljLnd3dy4xMDgwLkMzIn0%3D&_nc_ohc=j9Shl89QjzMQ7kNvwFMKvzW&_nc_oc=AdpRpmlAk4HVe3YbaMlJjyeuNML5vTz0_BYiixbwOBnn_6Hv4DQy1b_35lTo0chLTpU&_nc_zt=24&_nc_ht=scontent.cdninstagram.com&_nc_gid=GoO-xFuqP4_StTT0JkTFzg&_nc_ss=7d6a8&oh=00_AQIjiEMhA-L08_OzSxflOjfWNagrhzLSSYpMZAQL8vRFVQ&oe=6AB31098,downloaded,image/jpeg,2883,reference_only_pending_authorization,Public Instagram CDN reference; obtain original and authorization before publishing.
asset_026_5a9e225440b03111.jpg,www.instagram.com_stories_highlights_18077445542296059__1789742428613.html,https://scontent.cdninstagram.com/v/t51.82787-19/814691901_18279427393291608_5406533022135706610_n.jpg?stp=dst-jpg_s150x150_tt6&_nc_cat=102&ccb=7-5&_nc_sid=f7ccc5&efg=eyJ2ZW5jb2RlX3RhZyI6InByb2ZpbGVfcGljLnd3dy4xMDgwLkMzIn0%3D&_nc_ohc=lSTH12w_wvIQ7kNvwEHQFTJ&_nc_oc=AdqUi7aHtQkcGkw8jGlpeI-nkxAq3qQyeJInIwEXu2Wd3kVIIpjiDSvwMzaZfEKCKDU&_nc_zt=24&_nc_ht=scontent.cdninstagram.com&_nc_gid=GoO-xFuqP4_StTT0JkTFzg&_nc_ss=7d6a8&oh=00_AQJpETAxiUG3mRrDEVjCeS2AgP_ksgzHJuLpzQBNgkrsUA&oe=6AB33073,downloaded,image/jpeg,4599,reference_only_pending_authorization,Public Instagram CDN reference; obtain original and authorization before publishing.
asset_027_3b07f910a769a371.jpg,www.instagram.com_stories_highlights_18077445542296059__1789742428613.html,https://instagram.fcgb4-1.fna.fbcdn.net/v/t51.82787-19/658900773_18533794819068979_610402104514020881_n.jpg?stp=dst-jpg_s150x150_tt6&efg=eyJ2ZW5jb2RlX3RhZyI6InByb2ZpbGVfcGljLmRqYW5nby4xMDgwLmMyIn0&_nc_ht=instagram.fcgb4-1.fna.fbcdn.net&_nc_cat=107&_nc_oc=Q6cZ2gGAeNExD2EpqbIKH7gE7BY85_UrlZJh-r7upwiqm1qC7sY6Xa01wASqp6DOamlYOMI&_nc_ohc=e6ow4WnQmkgQ7kNvwFBjiSG&_nc_gid=F0uGlyfsTuyj8mQTG6dNvA&edm=APoiHPcBAAAA&ccb=7-5&oh=00_AQLSNUFrXFSY_zwWmutTZnfnASL1Vdy7yeLM2dqo6E2nPg&oe=6AB31098&_nc_sid=22de04,downloaded,image/jpeg,4739,reference_only_pending_authorization,Public Instagram CDN reference; obtain original and authorization before publishing.
asset_028_4201805bf4b1df7c.jpg,www.instagram.com_stories_highlights_18077445542296059__1789742428613.html,https://scontent.cdninstagram.com/v/t51.82787-19/581396144_18641115445024484_7840648683609914909_n.jpg?stp=dst-jpg_s150x150_tt6&_nc_cat=106&ccb=7-5&_nc_sid=f7ccc5&efg=eyJ2ZW5jb2RlX3RhZyI6InByb2ZpbGVfcGljLnd3dy4xMDgwLkMzIn0%3D&_nc_ohc=cnwxZzp6YVQQ7kNvwEaOzsY&_nc_oc=Adrlr5fhslyXn-JEl3fGICJxHnmHp0TQHuhCnIBQbUUz4xQsSrfQWcaemDMKRNhm7qM&_nc_zt=24&_nc_ht=scontent.cdninstagram.com&_nc_gid=EIl99m4uANKqgkiPCsHypQ&_nc_ss=7d6a8&oh=00_AQJ5V97wdZgfYnFdycCJvDyl4arOXmBZOijST1rJ7MeZSg&oe=6AB31548,downloaded,image/jpeg,5655,reference_only_pending_authorization,Public Instagram CDN reference; obtain original and authorization before publishing.
asset_029_0001d46e7f222a82.jpg,www.instagram.com_stories_highlights_18077445542296059__1789742428613.html,https://instagram.fcgb4-1.fna.fbcdn.net/v/t51.2885-19/469721896_957223732922775_2393831052073727899_n.jpg?stp=dst-jpg_s150x150_tt6&efg=eyJ2ZW5jb2RlX3RhZyI6InByb2ZpbGVfcGljLmRqYW5nby4xMDI0LmMyIn0&_nc_ht=instagram.fcgb4-1.fna.fbcdn.net&_nc_cat=103&_nc_oc=Q6cZ2gEVfFxXQ0wdIZ3Ue8O5bF5YXVEOHU0sytyhbAJM_Wn0RfVg82krtZWkrvbeOCldZTg&_nc_ohc=2aro-qHCTNYQ7kNvwEECedn&_nc_gid=cRLwbxdRH7zin-X-kAx3CA&edm=AP4sbd4BAAAA&ccb=7-5&oh=00_AQKgP7UZbmPN0VUBqcJx6KuL8mQ44MW9V8q8Q7NmOtW0Mw&oe=6AB31CD9&_nc_sid=7a9f4b,downloaded,image/jpeg,4188,reference_only_pending_authorization,Public Instagram CDN reference; obtain original and authorization before publishing.
asset_030_39698f788aaffc43.jpg,www.instagram.com_stories_highlights_18077445542296059__1789742428613.html,https://scontent.cdninstagram.com/v/t51.82787-19/808210126_18106225760191341_138830702933776015_n.jpg?stp=dst-jpg_s150x150_tt6&_nc_cat=111&ccb=7-5&_nc_sid=f7ccc5&efg=eyJ2ZW5jb2RlX3RhZyI6InByb2ZpbGVfcGljLnd3dy45NDEuQzMifQ%3D%3D&_nc_ohc=UaumeW3rsOAQ7kNvwG-JOJO&_nc_oc=AdqP-wViKQ7O6jQ6wFeK1lbyaX2Gz_Jc0K9xt_5kh83FCFjWZ-WxZiM8lhtaX8SKlpo&_nc_zt=24&_nc_ht=scontent.cdninstagram.com&_nc_gid=EIl99m4uANKqgkiPCsHypQ&_nc_ss=7d6a8&oh=00_AQJdOc7N9kBqhYHli2pPvYVBuAu2JiQGwZmXfJxoZyXBwQ&oe=6AB32298,downloaded,image/jpeg,9032,reference_only_pending_authorization,Public Instagram CDN reference; obtain original and authorization before publishing.
asset_031_46b4dfda62707b6f.jpg,www.instagram.com_stories_highlights_18077445542296059__1789742428613.html,https://instagram.fcgb4-1.fna.fbcdn.net/v/t51.71878-15/610878065_844909295077338_4587383262923641427_n.jpg?stp=c0.247.640.640a_dst-jpg_e15_s150x150_tt6&_nc_cat=106&_nc_map=urlgen_bucketless&ccb=7-5&_nc_sid=58cdad&efg=eyJ2ZW5jb2RlX3RhZyI6IlNUT1JZLnhwaWRzLjY0MC5zZHIudmlkZW9fZGVmYXVsdF9jb3Zlcl9mcmFtZS5DMyJ9&_nc_ohc=Lg4E2GQXQ20Q7kNvwFN_JkJ&_nc_oc=Adoc_3XwAfoQ_LwtxuoSYLfqaEm-v9kbZNHZdfut3zbjLsB2N6JbIYJ1DoetXK1dKxc&_nc_zt=23&_nc_ht=instagram.fcgb4-1.fna&_nc_gid=JmtgzRNmbK0VPW5JlpI8CA&_nc_ss=7d6a8&oh=00_AQI5rGWa8Mqb3T_SxOcPLDU7ATECQr__kMEM4Z0GYjqVYg&oe=6AB31E0E,downloaded,image/jpeg,5487,reference_only_pending_authorization,Public Instagram CDN reference; obtain original and authorization before publishing.
asset_032_3a1abbb6f8c753d5.jpg,www.instagram.com_stories_highlights_18077445542296059__1789742428613.html,https://scontent.cdninstagram.com/v/t51.71878-15/671144041_962967453260000_5609423681094876509_n.jpg?stp=dst-jpg_s150x150_tt6&_nc_cat=101&ccb=7-5&_nc_sid=acbce5&_nc_ohc=GY1vZ-oYBVMQ7kNvwEknaUO&_nc_oc=AdpQf_-CY-t_V_YkJLHmmM84a08A0ZgFsZuE_EhRwZCwKEhhqGN56bdbyFVAGMCAcPM&_nc_zt=23&_nc_ht=scontent.cdninstagram.com&_nc_gid=JmtgzRNmbK0VPW5JlpI8CA&_nc_ss=7d6a8&oh=00_AQLK7o5mLrNs4DQoB8F263RF1S4fQ6Hp21lJ8eHhtSjfHw&oe=6AB3378C,downloaded,image/jpeg,4144,reference_only_pending_authorization,Public Instagram CDN reference; obtain original and authorization before publishing.
asset_033_50b76da88d7e610d.jpg,www.instagram.com_stories_highlights_18077445542296059__1789742428613.html,https://instagram.fcgb4-1.fna.fbcdn.net/v/t51.82787-15/657417273_18533515552068979_4283283151780273134_n.jpg?stp=c0.469.1206.1206a_dst-jpg_e35_s150x150_tt6&_nc_cat=109&_nc_map=urlgen_bucketless&ccb=7-5&_nc_sid=58cdad&efg=eyJ2ZW5jb2RlX3RhZyI6Ij8ueHBpZHMuMTIwNi5zZHIucmVndWxhcl9waG90by5DMyJ9&_nc_ohc=50i7qihf0CAQ7kNvwG569YC&_nc_oc=Adp4EWEUHM2dlWogCGXr2NIWzt3iP53lJglw1YLgazTK2hDmPOQiooKiwNyYEqUKmPE&_nc_zt=23&_nc_ht=instagram.fcgb4-1.fna&_nc_gid=JmtgzRNmbK0VPW5JlpI8CA&_nc_ss=7d6a8&oh=00_AQKPK_G5v16Raq7-alB5zLyxocUhvFDHAXNQVxJjjZML6A&oe=6AB32B1F,downloaded,image/jpeg,4039,reference_only_pending_authorization,Public Instagram CDN reference; obtain original and authorization before publishing.
asset_034_073e2a01a7e2bb97.jpg,www.instagram.com_stories_highlights_18077445542296059__1789742428613.html,https://instagram.fcgb4-1.fna.fbcdn.net/v/t51.82787-15/696863372_18543614356068979_5770281413173614202_n.jpg?stp=dst-jpg_e35_tt6&_nc_cat=108&_nc_map=urlgen_bucketless&ig_cache_key=Mzg5NzE1MTI0MTYwMDgxODc3Mg%3D%3D.3-ccb7-5&ccb=7-5&_nc_sid=58cdad&efg=eyJ2ZW5jb2RlX3RhZyI6IkZFRUQueHBpZHMuMTYwOC5zZHIucmVndWxhcl9waG90by5DMyJ9&_nc_ohc=5qLwxjop9QAQ7kNvwEaZ9HC&_nc_oc=AdrUTboOjdLveDT0KPQugABlJjtr0ZhF_zl6Jz9ACuYlcTX_NffqYWgZJsUfvejIBiA&_nc_ad=z-m&_nc_cid=0&_nc_zt=23&_nc_ht=instagram.fcgb4-1.fna&_nc_gid=cRLwbxdRH7zin-X-kAx3CA&_nc_ss=7a22e&oh=00_AQK335n7DDuQrUjtveh32-aXziUNkrIZNBHf5OTPObWr-g&oe=6AB31BF5,downloaded,image/jpeg,352496,reference_only_pending_authorization,Public Instagram CDN reference; obtain original and authorization before publishing.
asset_035_eeb5f9104170934b.jpg,www.instagram.com_stories_highlights_18077445542296059__1789742428613.html,https://instagram.fcgb4-1.fna.fbcdn.net/v/t51.82787-15/765886771_18565130134068979_6600226407657308841_n.jpg?stp=dst-jpg_e35_tt6&_nc_cat=102&_nc_map=urlgen_bucketless&ig_cache_key=Mzk1Nzc4MDE0OTczNzY1MjI4Mg%3D%3D.3-ccb7-5&ccb=7-5&_nc_sid=58cdad&efg=eyJ2ZW5jb2RlX3RhZyI6IkZFRUQueHBpZHMuMTkzNy5zZHIucmVndWxhcl9waG90by5DMyJ9&_nc_ohc=SROb2VfAX84Q7kNvwEn7dW8&_nc_oc=AdrLBJydCUsAloQpm3sBEmAoH3q97X39sOZsraQ8KiLthfMnmoI4QBBGezbxIfX23B8&_nc_ad=z-m&_nc_cid=0&_nc_zt=23&_nc_ht=instagram.fcgb4-1.fna&_nc_gid=cRLwbxdRH7zin-X-kAx3CA&_nc_ss=7a22e&oh=00_AQJkiZ8bpMoGwGNcKK9QS3OVvMnQxxPrN6hwoFGHTPg62A&oe=6AB31F82,downloaded,image/jpeg,418167,reference_only_pending_authorization,Public Instagram CDN reference; obtain original and authorization before publishing.
asset_036_0e504869a9a1688c.jpg,www.instagram.com_stories_highlights_18077445542296059__1789742428613.html,https://instagram.fcgb4-1.fna.fbcdn.net/v/t51.82787-15/731525338_18556530880068979_1113932788746300113_n.jpg?stp=dst-jpg_e15_tt6&_nc_cat=102&_nc_map=urlgen_bucketless&ig_cache_key=MzkzNDA5NjYxNDUyMzU0NjEyNzE4NTU2NTMwODc3MDY4OTc5.3-ccb7-5&ccb=7-5&_nc_sid=58cdad&efg=eyJ2ZW5jb2RlX3RhZyI6IkNMSVBTLnhwaWRzLjcyMC5zZHIudmlkZW9fZGVmYXVsdF9jb3Zlcl9mcmFtZS5DMyJ9&_nc_ohc=_RNt9bla8LYQ7kNvwFtvpDs&_nc_oc=Adr1asZFieGRueO9J6pIWOX6T5LQdj3ZNYM_hSofiNxmiEMnekSIxJSagY9NaMifNkk&_nc_ad=z-m&_nc_cid=0&_nc_zt=23&_nc_ht=instagram.fcgb4-1.fna&_nc_gid=cRLwbxdRH7zin-X-kAx3CA&_nc_ss=7a22e&oh=00_AQL-5J228Slnim4x9qy8Kavzan_KTGzwbtXF7IiAjhT6Bw&oe=6AB33977,downloaded,image/jpeg,106997,reference_only_pending_authorization,Public Instagram CDN reference; obtain original and authorization before publishing.
asset_037_48ac1e116f0dea8b.jpg,www.instagram.com_stories_highlights_18077445542296059__1789742428613.html,https://instagram.fcgb4-1.fna.fbcdn.net/v/t51.82787-15/806784646_18575629900068979_1579765582873738986_n.jpg?stp=dst-jpg_e35_tt6&_nc_cat=101&_nc_map=urlgen_bucketless&ig_cache_key=Mzk4NDY4NTYwNjg2MzUxMjY4MA%3D%3D.3-ccb7-5&ccb=7-5&_nc_sid=58cdad&efg=eyJ2ZW5jb2RlX3RhZyI6IkZFRUQueHBpZHMuMTc2MC5zZHIucmVndWxhcl9waG90by5DMyJ9&_nc_ohc=JEsw9pkpsR0Q7kNvwH7LypI&_nc_oc=AdoM4_8FAF-pssI_4nHvICpadfo2TIFTEywY_GsO-IDFTHZZ92Lf7w1A99AT79fa5IE&_nc_ad=z-m&_nc_cid=0&_nc_zt=23&_nc_ht=instagram.fcgb4-1.fna&_nc_gid=cRLwbxdRH7zin-X-kAx3CA&_nc_ss=7a22e&oh=00_AQJh4k62WecFOzl-oLx1UBrrH3cKKQtrGV3jKHDQTZGaZg&oe=6AB31B40,downloaded,image/jpeg,432582,reference_only_pending_authorization,Public Instagram CDN reference; obtain original and authorization before publishing.
asset_038_da21434dc829a9f6.jpg,www.instagram.com_stories_highlights_18077445542296059__1789742428613.html,https://instagram.fcgb4-1.fna.fbcdn.net/v/t51.82787-15/788961985_18571776520068979_8214778453332419527_n.jpg?stp=dst-jpg_e35_tt6&_nc_cat=108&_nc_map=urlgen_bucketless&ig_cache_key=Mzk3NDUwMzg4OTExNjg0MDY1Ng%3D%3D.3-ccb7-5&ccb=7-5&_nc_sid=58cdad&efg=eyJ2ZW5jb2RlX3RhZyI6IkZFRUQueHBpZHMuMTA4Ni5zZHIucmVndWxhcl9waG90by5DMyJ9&_nc_ohc=0ENo-wLOZ3gQ7kNvwGKhI30&_nc_oc=Adre9XxRAJPS7vz5q67ES04H-bME5NHqQoDpWNfryCMeRTmJJ2AQ9PaPz8uTdD8zJkY&_nc_ad=z-m&_nc_cid=0&_nc_zt=23&_nc_ht=instagram.fcgb4-1.fna&_nc_gid=cRLwbxdRH7zin-X-kAx3CA&_nc_ss=7a22e&oh=00_AQI5lTMWyHE_shv6HRbtnowfV81VaFrwF18ZEsjDvCkTgw&oe=6AB32B4D,downloaded,image/jpeg,134312,reference_only_pending_authorization,Public Instagram CDN reference; obtain original and authorization before publishing.
asset_039_ba535725d7badbd7.jpg,www.instagram.com_stories_highlights_18077445542296059__1789742428613.html,https://instagram.fcgb4-1.fna.fbcdn.net/v/t51.82787-15/805831485_18575332600068979_6295961902381179141_n.jpg?stp=dst-jpg_e15_tt6&_nc_cat=104&_nc_map=urlgen_bucketless&ig_cache_key=Mzk4Mzk1MjE5MDIxMTYzNzE2MDE4NTc1MzMyNTk3MDY4OTc5.3-ccb7-5&ccb=7-5&_nc_sid=58cdad&efg=eyJ2ZW5jb2RlX3RhZyI6IkNMSVBTLnhwaWRzLjcyMC5zZHIudmlkZW9fdXNlcl9zZWxlY3RlZF90aHVtYm5haWwuQzMifQ%3D%3D&_nc_ohc=0S1T8BpwG7gQ7kNvwHM07Gx&_nc_oc=Ado-DN4FLUBD7CSOUdyoeH5dL6lytpQgFEomCEJfF9uRY4WyEfzMuBHQzXfRTAq46so&_nc_ad=z-m&_nc_cid=0&_nc_zt=23&_nc_ht=instagram.fcgb4-1.fna&_nc_gid=cRLwbxdRH7zin-X-kAx3CA&_nc_ss=7a22e&oh=00_AQKnBr7pilcW4UK7M_5nFfTnwDIi8g2BqCKfylyPad0ZBg&oe=6AB32C46,downloaded,image/jpeg,125169,reference_only_pending_authorization,Public Instagram CDN reference; obtain original and authorization before publishing.
asset_040_b8d410492e196cf7.jpg,www.instagram.com_stories_highlights_18077445542296059__1789742428613.html,https://instagram.fcgb4-1.fna.fbcdn.net/v/t51.82787-15/802561850_18575056954068979_4631376310180849569_n.jpg?stp=dst-jpg_e15_tt6&_nc_cat=101&_nc_map=urlgen_bucketless&ig_cache_key=Mzk4MzIyNDU1NDQwMzA5NTYwMDE4NTc1MDU2OTQ4MDY4OTc5.3-ccb7-5&ccb=7-5&_nc_sid=58cdad&efg=eyJ2ZW5jb2RlX3RhZyI6IkNMSVBTLnhwaWRzLjcyMC5zZHIudmlkZW9fdXNlcl91cGxvYWRlZF90aHVtYm5haWwuQzMifQ%3D%3D&_nc_ohc=3DPnH-FW7voQ7kNvwEfpoNV&_nc_oc=AdouUwQy-p77Ew-1L7mcxR8hq8E9h2yP5rdSQCfflCXVIIUYKBrieUh30IUWBH4RmGc&_nc_ad=z-m&_nc_cid=0&_nc_zt=23&_nc_ht=instagram.fcgb4-1.fna&_nc_gid=cRLwbxdRH7zin-X-kAx3CA&_nc_ss=7a22e&oh=00_AQK9u8yxv8BbHjq8y3xUz3onipjxLfLZxvKEdaUcIYvimg&oe=6AB33B46,downloaded,image/jpeg,106423,reference_only_pending_authorization,Public Instagram CDN reference; obtain original and authorization before publishing.
asset_041_4044556a609de772.jpg,www.instagram.com_stories_highlights_18077445542296059__1789742428613.html,https://instagram.fcgb4-1.fna.fbcdn.net/v/t51.82787-15/789872430_18571774777068979_5983982389097659144_n.jpg?stp=dst-jpg_e35_tt6&_nc_cat=108&_nc_map=urlgen_bucketless&ig_cache_key=Mzk3NDUwMTQ0OTg0Mzc0NDkzMQ%3D%3D.3-ccb7-5&ccb=7-5&_nc_sid=58cdad&efg=eyJ2ZW5jb2RlX3RhZyI6IkZFRUQueHBpZHMuMTAwMy5zZHIucmVndWxhcl9waG90by5DMyJ9&_nc_ohc=AtKZFhrf8VIQ7kNvwEc8p4V&_nc_oc=Adr0cFl9meWADfyvrBj3F7m6qoPneVBh6Y_YvG5gT99Qp8y1XaB8sjHsH_TZ-dGwmHU&_nc_ad=z-m&_nc_cid=0&_nc_zt=23&_nc_ht=instagram.fcgb4-1.fna&_nc_gid=cRLwbxdRH7zin-X-kAx3CA&_nc_ss=7a22e&oh=00_AQLHIjh0mM2IE3CIxqx6KIM6x56LU8eCl-9CcM3VD8QuzA&oe=6AB3137E,downloaded,image/jpeg,148348,reference_only_pending_authorization,Public Instagram CDN reference; obtain original and authorization before publishing.
asset_042_3a8c384f4577fa3c.jpg,www.instagram.com_stories_highlights_18077445542296059__1789742428613.html,https://instagram.fcgb4-1.fna.fbcdn.net/v/t51.71878-15/799634252_1394888642094365_4596752551107044388_n.jpg?stp=dst-jpg_e15_tt6&_nc_cat=109&_nc_map=urlgen_bucketless&ig_cache_key=Mzk4MTgxMjg1NjEzODM2MjI5MA%3D%3D.3-ccb7-5&ccb=7-5&_nc_sid=58cdad&efg=eyJ2ZW5jb2RlX3RhZyI6IkNMSVBTLnhwaWRzLjY0MC5zZHIudmlkZW9fZmlyc3RfZnJhbWVfdGh1bWJuYWlsLkMzIn0%3D&_nc_ohc=1aA2YOZl5bkQ7kNvwFPR4D9&_nc_oc=Adrp5AqHSEfsqsguumqbQKqjd6uLCItqk-jpOu_7hCwE_I6SFWbDyQZ68f1Kk874Owk&_nc_ad=z-m&_nc_cid=0&_nc_zt=23&_nc_ht=instagram.fcgb4-1.fna&_nc_gid=cRLwbxdRH7zin-X-kAx3CA&_nc_ss=7a22e&oh=00_AQIF3mhSWZkUhoeb_AoSIWVgo4e3h7SqThRsTbIcgpNV2g&oe=6AB3184D,downloaded,image/jpeg,47878,reference_only_pending_authorization,Public Instagram CDN reference; obtain original and authorization before publishing.
asset_043_616c643084104156.jpg,www.instagram.com_stories_highlights_18077445542296059__1789742428613.html,https://instagram.fcgb4-1.fna.fbcdn.net/v/t15.5256-10/800449371_2466199467212026_7275790186733074489_n.jpg?stp=dst-jpg_e15_tt6&_nc_cat=100&_nc_map=urlgen_bucketless&ig_cache_key=Mzk4MjUxOTI4MTQ5NTk0OTY4OA%3D%3D.3-ccb7-5&ccb=7-5&_nc_sid=58cdad&efg=eyJ2ZW5jb2RlX3RhZyI6IkNMSVBTLnhwaWRzLjY0MC5zZHIudmlkZW9fZmlyc3RfZnJhbWVfdGh1bWJuYWlsLkMzIn0%3D&_nc_ohc=ozS9iUcqHs0Q7kNvwGP2BO8&_nc_oc=AdohloxPpbtZ4U6pQNoJfJJzjjeu6wZzQENusX8ZRjtRXP9vySXVhRX0-wME0ht7m8Q&_nc_ad=z-m&_nc_cid=0&_nc_zt=23&_nc_ht=instagram.fcgb4-1.fna&_nc_gid=cRLwbxdRH7zin-X-kAx3CA&_nc_ss=7a22e&oh=00_AQJlwTyzZLyhzbeZ-ZQgRYGsNUEzU49crjai-HISBXETkQ&oe=6AB33868,downloaded,image/jpeg,134673,reference_only_pending_authorization,Public Instagram CDN reference; obtain original and authorization before publishing.
asset_044_41edc9a64fa8a6bf.jpg,www.instagram.com_stories_highlights_18077445542296059__1789742428613.html,https://instagram.fcgb4-1.fna.fbcdn.net/v/t51.82787-15/731185630_18554693545068979_7255348253408693105_n.jpg?stp=dst-jpg_e35_tt6&_nc_cat=106&_nc_map=urlgen_bucketless&ig_cache_key=MzkyOTEyMTM2NjYxMTM5OTk5MA%3D%3D.3-ccb7-5&ccb=7-5&_nc_sid=58cdad&efg=eyJ2ZW5jb2RlX3RhZyI6IkZFRUQueHBpZHMuMTAwMy5zZHIucmVndWxhcl9waG90by5DMyJ9&_nc_ohc=D7YjRxSXbBgQ7kNvwEHOw4M&_nc_oc=AdoYKaANyunUaQn7wtYlQj9LTexZDPHahYs-aXg0Ho1rU7NikarQaGkIGSlfUM-fWxU&_nc_ad=z-m&_nc_cid=0&_nc_zt=23&_nc_ht=instagram.fcgb4-1.fna&_nc_gid=cRLwbxdRH7zin-X-kAx3CA&_nc_ss=7a22e&oh=00_AQLxqdk83yCr7K8Gtprm3j55kixdbmTSEG9G8EEtroULFw&oe=6AB319F6,downloaded,image/jpeg,115167,reference_only_pending_authorization,Public Instagram CDN reference; obtain original and authorization before publishing.
asset_045_5968415dceb4b52c.jpg,www.instagram.com_stories_highlights_18077445542296059__1789742428613.html,https://instagram.fcgb4-1.fna.fbcdn.net/v/t51.82787-15/794196752_18573221884068979_522072888518922194_n.jpg?stp=dst-jpg_e35_tt6&_nc_cat=105&_nc_map=urlgen_bucketless&ig_cache_key=Mzk3ODMwNTkyODY1Mzk0NTI2NQ%3D%3D.3-ccb7-5&ccb=7-5&_nc_sid=58cdad&efg=eyJ2ZW5jb2RlX3RhZyI6IkZFRUQueHBpZHMuMTk4MC5zZHIucmVndWxhcl9waG90by5DMyJ9&_nc_ohc=Kq0EKpceXtkQ7kNvwH17spb&_nc_oc=AdoyC7VUcchmU5LJo5cUJHSGoscF9RpTdMLkKb8GYrG1_J7OmBmA7gn1hGBhLgEv33Q&_nc_ad=z-m&_nc_cid=0&_nc_zt=23&_nc_ht=instagram.fcgb4-1.fna&_nc_gid=cRLwbxdRH7zin-X-kAx3CA&_nc_ss=7a22e&oh=00_AQKwaSjj0eUpaVmrmzw4AUWIkcVIBaO5tDooEU1YLE0u0A&oe=6AB32A9E,downloaded,image/jpeg,589965,reference_only_pending_authorization,Public Instagram CDN reference; obtain original and authorization before publishing.
asset_046_74f742c25c421b4d.jpg,www.instagram.com_stories_highlights_18077445542296059__1789742428613.html,https://instagram.fcgb4-1.fna.fbcdn.net/v/t51.82787-15/793595085_18573439936068979_5296370584961748155_n.jpg?stp=dst-jpg_e15_tt6&_nc_cat=109&_nc_map=urlgen_bucketless&ig_cache_key=Mzk3ODg5MzE1NDM3NDIyMzg0ODE4NTczNDM5OTMzMDY4OTc5.3-ccb7-5&ccb=7-5&_nc_sid=58cdad&efg=eyJ2ZW5jb2RlX3RhZyI6IkNMSVBTLnhwaWRzLjEzMjAuc2RyLnZpZGVvX3VzZXJfc2VsZWN0ZWRfdGh1bWJuYWlsLkMzIn0%3D&_nc_ohc=YWy9F1jjAowQ7kNvwGKlIAa&_nc_oc=AdqUSai-oM08v8zN9G1efN89-1dGrq50AIQmFfJebehDqOe_8RYFbuTIaGZZPxh2588&_nc_ad=z-m&_nc_cid=0&_nc_zt=23&_nc_ht=instagram.fcgb4-1.fna&_nc_gid=F0uGlyfsTuyj8mQTG6dNvA&_nc_ss=7a22e&oh=00_AQIDrCP0NA-0Pc3QthfJx2mMgsqf0jUp0r9l22XtJbIoxA&oe=6AB337D5,downloaded,image/jpeg,382122,reference_only_pending_authorization,Public Instagram CDN reference; obtain original and authorization before publishing.
asset_047_07ed1f42b8013ca1.jpg,www.instagram.com_stories_highlights_18077445542296059__1789742428613.html,https://instagram.fcgb4-1.fna.fbcdn.net/v/t51.82787-15/780158484_18568685341068979_5801009216007746044_n.jpg?stp=dst-jpg_e15_tt6&_nc_cat=104&_nc_map=urlgen_bucketless&ig_cache_key=Mzk2NjUxMDQ5Mjg4Mzk1NDg4MjE4NTY4Njg1MzM1MDY4OTc5.3-ccb7-5&ccb=7-5&_nc_sid=58cdad&efg=eyJ2ZW5jb2RlX3RhZyI6IkNMSVBTLnhwaWRzLjEzMjAuc2RyLnZpZGVvX3VzZXJfc2VsZWN0ZWRfdGh1bWJuYWlsLkMzIn0%3D&_nc_ohc=bTgi53oYlysQ7kNvwEdG2Os&_nc_oc=Adrs_PEffeY0Yfrxl2QDayUCp0YFgJBG2RRIm4YBa9zWmzamDHvbMDazrShGmx21Icg&_nc_ad=z-m&_nc_cid=0&_nc_zt=23&_nc_ht=instagram.fcgb4-1.fna&_nc_gid=F0uGlyfsTuyj8mQTG6dNvA&_nc_ss=7a22e&oh=00_AQLqsEFzyhz7HmNrDVRUgf7kuh6QqIJYmgRPHZXLmEs_aA&oe=6AB31C60,downloaded,image/jpeg,213453,reference_only_pending_authorization,Public Instagram CDN reference; obtain original and authorization before publishing.
asset_048_ec290dba35952b5c.jpg,www.instagram.com_stories_highlights_18077445542296059__1789742428613.html,https://instagram.fcgb4-1.fna.fbcdn.net/v/t51.82787-15/774512055_18567009370068979_3053311983636783406_n.jpg?stp=dst-jpg_e35_tt6&_nc_cat=102&_nc_map=urlgen_bucketless&ig_cache_key=Mzk2MjgwOTEyNDU4NzUxNDk5MA%3D%3D.3-ccb7-5&ccb=7-5&_nc_sid=58cdad&efg=eyJ2ZW5jb2RlX3RhZyI6IkZFRUQueHBpZHMuMTc2MC5zZHIucmVndWxhcl9waG90by5DMyJ9&_nc_ohc=nKpv-dt94pMQ7kNvwGKmhUz&_nc_oc=AdqIB8cyEObY5dhzCkBLPgeIo_V8YwiWGz68rRjBWBPYiZAp8upLFa17yWvIRw-M600&_nc_ad=z-m&_nc_cid=0&_nc_zt=23&_nc_ht=instagram.fcgb4-1.fna&_nc_gid=F0uGlyfsTuyj8mQTG6dNvA&_nc_ss=7a22e&oh=00_AQIu9RAtXFzYONXJct7WJPPzyki7WTFygyGmwhRUhL8TtA&oe=6AB31B0B,downloaded,image/jpeg,460833,reference_only_pending_authorization,Public Instagram CDN reference; obtain original and authorization before publishing.
asset_049_760cf05ec85eec05.jpg,www.instagram.com_stories_highlights_18077445542296059__1789742428613.html,https://instagram.fcgb4-1.fna.fbcdn.net/v/t51.82787-15/783589181_18570176530068979_6391269420908862137_n.jpg?stp=dst-jpg_e15_tt6&_nc_cat=104&_nc_map=urlgen_bucketless&ig_cache_key=Mzk2MTY1MjAzODU3MTM3MTUyMTE4NTcwMTc2NTI0MDY4OTc5.3-ccb7-5&ccb=7-5&_nc_sid=58cdad&efg=eyJ2ZW5jb2RlX3RhZyI6IkNMSVBTLnhwaWRzLjcyMC5zZHIudmlkZW9fdXNlcl91cGxvYWRlZF90aHVtYm5haWwuQzMifQ%3D%3D&_nc_ohc=TGPUt-f1SJUQ7kNvwFG1ptz&_nc_oc=AdoHIM1r8dtEX4_EAh4-xyAgQkG9B2xzIIiGObTmrGPrXqIqYauuiD3pLxZfSOV4YnI&_nc_ad=z-m&_nc_cid=0&_nc_zt=23&_nc_ht=instagram.fcgb4-1.fna&_nc_gid=F0uGlyfsTuyj8mQTG6dNvA&_nc_ss=7a22e&oh=00_AQLj7tCAXxqjmsqHUlYv-yiw4WQIz3p0x-uT_1MuDNY6tg&oe=6AB313EE,downloaded,image/jpeg,100072,reference_only_pending_authorization,Public Instagram CDN reference; obtain original and authorization before publishing.
asset_050_023d41d86d84354e.jpg,www.instagram.com_stories_highlights_18077445542296059__1789742428613.html,https://instagram.fcgb4-1.fna.fbcdn.net/v/t51.82787-15/771855482_18566347411068979_6476980094780033720_n.jpg?stp=dst-jpg_e15_tt6&_nc_cat=102&_nc_map=urlgen_bucketless&ig_cache_key=Mzk2MDk5MzMyNzIwNDM0NTEwMzE4NTY2MzQ3NDA4MDY4OTc5.3-ccb7-5&ccb=7-5&_nc_sid=58cdad&efg=eyJ2ZW5jb2RlX3RhZyI6IkNMSVBTLnhwaWRzLjcyMC5zZHIudmlkZW9fdXNlcl91cGxvYWRlZF90aHVtYm5haWwuQzMifQ%3D%3D&_nc_ohc=Y873hD_tgFsQ7kNvwFGZoel&_nc_oc=AdoUlQNQK-8vqROoj6zhkPmSAqylcjDOIV_F3e8c9jLTWB-jk-ywPW8PkL19xAIvV78&_nc_ad=z-m&_nc_cid=0&_nc_zt=23&_nc_ht=instagram.fcgb4-1.fna&_nc_gid=F0uGlyfsTuyj8mQTG6dNvA&_nc_ss=7a22e&oh=00_AQLGZgad97xRv7ZbGD7fKcSY2hDUat1d4y_DSCJhk_lh7w&oe=6AB30773,downloaded,image/jpeg,109670,reference_only_pending_authorization,Public Instagram CDN reference; obtain original and authorization before publishing.
asset_051_21eff8babd0117e8.jpg,www.instagram.com_stories_highlights_18077445542296059__1789742428613.html,https://instagram.fcgb4-1.fna.fbcdn.net/v/t51.82787-15/772327417_18566347222068979_3324692950524880527_n.jpg?stp=dst-jpg_e15_tt6&_nc_cat=103&_nc_map=urlgen_bucketless&ig_cache_key=Mzk1MDg1NjM5ODc2ODc3NzAzNDE4NTY2MzQ3MjE5MDY4OTc5.3-ccb7-5&ccb=7-5&_nc_sid=58cdad&efg=eyJ2ZW5jb2RlX3RhZyI6IkNMSVBTLnhwaWRzLjcyMC5zZHIudmlkZW9fZGVmYXVsdF9jb3Zlcl9mcmFtZS5DMyJ9&_nc_ohc=fykz2Ikgm9sQ7kNvwFOXkg9&_nc_oc=Adr-SG64wqJAAOf5dqhMzTzruDJqeB4erbUqKTRtHj4K7Zwm834_lSj_LhX7o721ZqI&_nc_ad=z-m&_nc_cid=0&_nc_zt=23&_nc_ht=instagram.fcgb4-1.fna&_nc_gid=F0uGlyfsTuyj8mQTG6dNvA&_nc_ss=7a22e&oh=00_AQJ5nQG4xmy6oY5gpbiv_p1MD2AOKMC8StJqfGGrtMr_Jw&oe=6AB3349A,downloaded,image/jpeg,90274,reference_only_pending_authorization,Public Instagram CDN reference; obtain original and authorization before publishing.
asset_052_b3369b65620048a4.jpg,www.instagram.com_stories_highlights_18077445542296059__1789742428613.html,https://instagram.fcgb4-1.fna.fbcdn.net/v/t51.82787-15/657828000_18533759086068979_1957186150325059409_n.jpg?stp=dst-jpegr_e35_tt6&_nc_cat=108&_nc_map=urlgen_bucketless&ig_cache_key=Mzg2NDM2MzY5NDQwNzI0MjcyNQ%3D%3D.3-ccb7-5&ccb=7-5&_nc_sid=58cdad&efg=eyJ2ZW5jb2RlX3RhZyI6IkNBUk9VU0VMX0lURU0ueHBpZHMuMTQ0MC5oZHIucmVndWxhcl9waG90by5DMyJ9&_nc_ohc=PAdmmFeujcEQ7kNvwHXeYss&_nc_oc=Ado0l-kCkokcg78thkzkmAzHlFwH8-dtnYfFjGpah2sDRp3XW4tC7ec56xwWCqKjvEg&_nc_ad=z-m&_nc_cid=0&_nc_zt=23&_nc_ht=instagram.fcgb4-1.fna&_nc_gid=F0uGlyfsTuyj8mQTG6dNvA&_nc_ss=7a22e&oh=00_AQKEmEaJjkCTzZSX5V4oDFoIC4VgSIKpmAmenXiw1EJyxw&oe=6AB33212,downloaded,image/jpeg,336238,reference_only_pending_authorization,Public Instagram CDN reference; obtain original and authorization before publishing.
asset_053_f257a720870a2705.jpg,www.instagram.com_stories_highlights_18077445542296059__1789742428613.html,https://instagram.fcgb4-1.fna.fbcdn.net/v/t51.82787-15/774508911_18567010669068979_6695515092652993603_n.jpg?stp=dst-jpg_e15_tt6&_nc_cat=101&_nc_map=urlgen_bucketless&ig_cache_key=Mzk2MjQxODQ4MTQ3NDA2MDAzNDE4NTY3MDEwNjYzMDY4OTc5.3-ccb7-5&ccb=7-5&_nc_sid=58cdad&efg=eyJ2ZW5jb2RlX3RhZyI6IkNMSVBTLnhwaWRzLjcyMC5zZHIudmlkZW9fdXNlcl91cGxvYWRlZF90aHVtYm5haWwuQzMifQ%3D%3D&_nc_ohc=XgCCELlHsIoQ7kNvwE6V5OY&_nc_oc=Adpb2-hHecqcq9Hx5mUp5A0DRoUaeDlOAwxw_oIZ-4kqrDQ1ucXiiE395u9DQH3xhDk&_nc_ad=z-m&_nc_cid=0&_nc_zt=23&_nc_ht=instagram.fcgb4-1.fna&_nc_gid=F0uGlyfsTuyj8mQTG6dNvA&_nc_ss=7a22e&oh=00_AQLAPy-PjPv8m-AX5xFcD3L7HCHrHy3KSue6tOw3vxPLPA&oe=6AB31A38,downloaded,image/jpeg,133187,reference_only_pending_authorization,Public Instagram CDN reference; obtain original and authorization before publishing.
asset_054_f05a82c23fd867a7.jpg,www.instagram.com_stories_highlights_18077445542296059__1789742428613.html,https://instagram.fcgb4-1.fna.fbcdn.net/v/t51.82787-15/686048821_18541833574068979_7090055030783133103_n.jpg?stp=dst-jpegr_e35_tt6&_nc_cat=107&_nc_map=urlgen_bucketless&ig_cache_key=Mzg5MTQyOTgyMzE1NTU4NzgwNQ%3D%3D.3-ccb7-5&ccb=7-5&_nc_sid=58cdad&efg=eyJ2ZW5jb2RlX3RhZyI6IkZFRUQueHBpZHMuMTQ0MC5oZHIucmVndWxhcl9waG90by5DMyJ9&_nc_ohc=eNb1ABFTPh0Q7kNvwGU9JIQ&_nc_oc=AdpWvUIH-ogCXTZkK6C8kLwecoHTIIxEoSPZxa0oqN2E8do1Njvs-zB_HHpOGVP8AO4&_nc_ad=z-m&_nc_cid=0&_nc_zt=23&_nc_ht=instagram.fcgb4-1.fna&_nc_gid=F0uGlyfsTuyj8mQTG6dNvA&_nc_ss=7a22e&oh=00_AQJt3fPaKZwQgZhpBb4S7a__-91-kfo2UoAPDzx2Su0R_g&oe=6AB33ACC,downloaded,image/jpeg,262134,reference_only_pending_authorization,Public Instagram CDN reference; obtain original and authorization before publishing.
asset_055_3f122bfe22172374.jpg,www.instagram.com_stories_highlights_18077445542296059__1789742428613.html,https://instagram.fcgb4-1.fna.fbcdn.net/v/t51.82787-15/770802539_18566345707068979_1234350764119768164_n.jpg?stp=dst-jpg_e15_tt6&_nc_cat=107&_nc_map=urlgen_bucketless&ig_cache_key=Mzk2MDk4Mzc4MTExOTQ2MTExNDE4NTY2MzQ1NzA0MDY4OTc5.3-ccb7-5&ccb=7-5&_nc_sid=58cdad&efg=eyJ2ZW5jb2RlX3RhZyI6IkNMSVBTLnhwaWRzLjcyMC5zZHIudmlkZW9fdXNlcl91cGxvYWRlZF90aHVtYm5haWwuQzMifQ%3D%3D&_nc_ohc=HgeT6QkmnLAQ7kNvwGD4e3q&_nc_oc=AdpIzd-YaDqEVxI1XmqpVp2uP8EizoIy1dy5j7fW5ByFyWNLKulx7QSULlycKl6YHko&_nc_ad=z-m&_nc_cid=0&_nc_zt=23&_nc_ht=instagram.fcgb4-1.fna&_nc_gid=F0uGlyfsTuyj8mQTG6dNvA&_nc_ss=7a22e&oh=00_AQKtADi6H5PuRtDKAUYoBRXXXRIuSbiMbBFkt6Iyp9xJDQ&oe=6AB30B81,downloaded,image/jpeg,109042,reference_only_pending_authorization,Public Instagram CDN reference; obtain original and authorization before publishing.
asset_056_ecf60c647bfe7def.jpg,www.instagram.com_stories_highlights_18077445542296059__1789742428613.html,https://instagram.fcgb4-1.fna.fbcdn.net/v/t51.82787-15/780949580_18569330950068979_5687716333099464692_n.jpg?stp=dst-jpg_e35_tt6&_nc_cat=101&_nc_map=urlgen_bucketless&ig_cache_key=Mzk2Nzg2NzU3NjAwNzI4MjQ2NA%3D%3D.3-ccb7-5&ccb=7-5&_nc_sid=58cdad&efg=eyJ2ZW5jb2RlX3RhZyI6IkZFRUQueHBpZHMuMTY4Mi5zZHIucmVndWxhcl9waG90by5DMyJ9&_nc_ohc=BvhrDQWEM7gQ7kNvwEHJnSN&_nc_oc=Adqcr2qfGC0qczmvi8phCHVX0uTqj4nU6cujDflyH8kpKegcIWQNJ7dfPEqq7ArJRcI&_nc_ad=z-m&_nc_cid=0&_nc_zt=23&_nc_ht=instagram.fcgb4-1.fna&_nc_gid=F0uGlyfsTuyj8mQTG6dNvA&_nc_ss=7a22e&oh=00_AQIeGl-E0Zt1yqSIIVNl2krvFuUdMPgXonvWlRAXGxaXyQ&oe=6AB31271,downloaded,image/jpeg,545890,reference_only_pending_authorization,Public Instagram CDN reference; obtain original and authorization before publishing.
asset_057_58d802c5774fca27.jpg,www.instagram.com_stories_highlights_18077445542296059__1789742428613.html,https://instagram.fcgb4-1.fna.fbcdn.net/v/t51.71878-15/702232264_1890691991617680_5708782021950678873_n.jpg?stp=dst-jpg_e15_tt6&_nc_cat=102&_nc_map=urlgen_bucketless&ig_cache_key=MzkwMDU1NzIxNDMwNDU3MzcwMDEwNTE2MDMyODc1NjgzNjc%3D.3-ccb7-5&ccb=7-5&_nc_sid=58cdad&efg=eyJ2ZW5jb2RlX3RhZyI6IkNMSVBTLnhwaWRzLjY0MC5zZHIudmlkZW9fbmZyYW1lX2NvdmVyX2ZyYW1lLkMzIn0%3D&_nc_ohc=UL_4jTtEdN4Q7kNvwG6FDnz&_nc_oc=AdraGZuJIifj0pn1ciIycXoSe_SZUlYq4aP4Gdi7nYRdIBy4D0ltt3ykwrHbjFEuhaE&_nc_ad=z-m&_nc_cid=0&_nc_zt=23&_nc_ht=instagram.fcgb4-1.fna&_nc_gid=F0uGlyfsTuyj8mQTG6dNvA&_nc_ss=7a22e&oh=00_AQJ3uc5cBX2Rs_sgO6a5NyrSERCj9d8XO85InTvRVhdx1w&oe=6AB331C9,downloaded,image/jpeg,35359,reference_only_pending_authorization,Public Instagram CDN reference; obtain original and authorization before publishing.
asset_058_9b815aa246ab0315.jpg,www.instagram.com_stories_highlights_18077445542296059__1789742428613.html,https://instagram.fcgb4-1.fna.fbcdn.net/v/t51.71878-15/610878065_844909295077338_4587383262923641427_n.jpg?stp=dst-jpg_e15_tt6&_nc_cat=106&_nc_map=urlgen_bucketless&ig_cache_key=MzgwMjAyNTM3OTIzOTExODUwNw%3D%3D.3-ccb7-5&ccb=7-5&_nc_sid=58cdad&efg=eyJ2ZW5jb2RlX3RhZyI6IlNUT1JZLnhwaWRzLjY0MC5zZHIudmlkZW9fZGVmYXVsdF9jb3Zlcl9mcmFtZS5DMyJ9&_nc_ohc=Lg4E2GQXQ20Q7kNvwFN_JkJ&_nc_oc=Adoc_3XwAfoQ_LwtxuoSYLfqaEm-v9kbZNHZdfut3zbjLsB2N6JbIYJ1DoetXK1dKxc&_nc_zt=23&_nc_ht=instagram.fcgb4-1.fna&_nc_gid=JmtgzRNmbK0VPW5JlpI8CA&_nc_ss=7d6a8&oh=00_AQIOT-4AMAdO4nK_o-pBmR83zHX6BUquc0tHC4iX1Ni09A&oe=6AB31E0E,downloaded,image/jpeg,50963,reference_only_pending_authorization,Public Instagram CDN reference; obtain original and authorization before publishing.
asset_059_84934d93cdc0c17e.jpg,www.instagram.com_stories_highlights_18077445542296059__1789742428613.html,https://instagram.fcgb4-1.fna.fbcdn.net/v/t51.71878-15/541925764_1159703595976920_6170771884188500094_n.jpg?stp=dst-jpg_e15_tt6&_nc_cat=103&_nc_map=urlgen_bucketless&ig_cache_key=MzcxNDI3NTQxNDY2NDg5OTE1NA%3D%3D.3-ccb7-5&ccb=7-5&_nc_sid=58cdad&efg=eyJ2ZW5jb2RlX3RhZyI6IlNUT1JZLnhwaWRzLjY0MC5zZHIudmlkZW9fZGVmYXVsdF9jb3Zlcl9mcmFtZS5DMyJ9&_nc_ohc=aZz3P76Gqy8Q7kNvwF6mw80&_nc_oc=Adq42f-_WlbWMxv8XGzYPlEvW1uidosKyu7t1gU0SMiiFVmeeJWDzXxhUew9nuCi5tk&_nc_zt=23&_nc_ht=instagram.fcgb4-1.fna&_nc_gid=JmtgzRNmbK0VPW5JlpI8CA&_nc_ss=7d6a8&oh=00_AQLzLgrzaJzjAx5LqxLi-T5IZ_PqGS8S77d2dmUdPoDRog&oe=6AB32B67,downloaded,image/jpeg,54112,reference_only_pending_authorization,Public Instagram CDN reference; obtain original and authorization before publishing.
